{
    "LSTM": {
        "accuracy": [
            25.128205128205128,
            31.28205128205128,
            27.692307692307693,
            24.102564102564102,
            30.256410256410255
        ],
        "mean": 27.69230769230769,
        "std": 2.7900452325611163,
        "average_time": 10.200690600043163
    },
    "LSTM_FCN": {
        "accuracy": [
            76.41025641025641,
            73.33333333333333,
            73.33333333333333,
            74.87179487179488,
            77.43589743589745
        ],
        "mean": 75.07692307692307,
        "std": 1.6410256410256452,
        "average_time": 11.856444619968533
    },
    "InceptionTime": {
        "accuracy": [
            86.15384615384616,
            88.2051282051282,
            88.71794871794872,
            90.76923076923077,
            90.25641025641026
        ],
        "mean": 88.82051282051283,
        "std": 1.6346028154368437,
        "average_time": 29.37253010002896
    },
    "TST": {
        "accuracy": [
            74.35897435897436,
            71.28205128205128,
            68.2051282051282,
            70.76923076923077,
            66.66666666666666
        ],
        "mean": 70.25641025641025,
        "std": 2.654805970368166,
        "average_time": 155.06194923995062
    },
    "mWDN": {
        "accuracy": [
            70.76923076923077,
            72.3076923076923,
            70.25641025641025,
            70.25641025641025,
            67.17948717948717
        ],
        "mean": 70.15384615384616,
        "std": 1.6664694163355855,
        "average_time": 33.78592009996064
    }
}