{
    "LSTM": {
        "accuracy": [
            16.41025641025641,
            50.256410256410255,
            43.07692307692308,
            44.61538461538462,
            35.38461538461539
        ],
        "mean": 37.94871794871795,
        "std": 11.770320043441867,
        "average_time": 10.164821719937027
    },
    "LSTM_FCN": {
        "accuracy": [
            86.66666666666667,
            86.66666666666667,
            85.12820512820512,
            86.66666666666667,
            86.66666666666667
        ],
        "mean": 86.35897435897436,
        "std": 0.6153846153846189,
        "average_time": 11.554023700021208
    },
    "InceptionTime": {
        "accuracy": [
            88.71794871794872,
            88.71794871794872,
            87.17948717948718,
            85.64102564102564,
            85.12820512820512
        ],
        "mean": 87.07692307692308,
        "std": 1.5003834705977235,
        "average_time": 29.11858259998262
    },
    "TST": {
        "accuracy": [
            73.84615384615385,
            73.33333333333333,
            75.38461538461539,
            76.41025641025641,
            72.82051282051282
        ],
        "mean": 74.35897435897436,
        "std": 1.3372722882466979,
        "average_time": 153.77573523996398
    },
    "mWDN": {
        "accuracy": [
            78.46153846153847,
            76.92307692307693,
            78.46153846153847,
            74.35897435897436,
            75.38461538461539
        ],
        "mean": 76.71794871794873,
        "std": 1.6410256410256416,
        "average_time": 34.37783007994294
    }
}