{
    "LSTM": {
        "accuracy": [
            50.259067357512954,
            53.8860103626943,
            56.476683937823836,
            64.76683937823834,
            42.487046632124354
        ],
        "mean": 53.57512953367876,
        "std": 7.3172656762320125,
        "average_time": 10.575346659962088
    },
    "LSTM_FCN": {
        "accuracy": [
            83.41968911917098,
            84.97409326424871,
            86.52849740932642,
            84.97409326424871,
            82.38341968911918
        ],
        "mean": 84.4559585492228,
        "std": 1.4283988344134912,
        "average_time": 11.906293819984421
    },
    "InceptionTime": {
        "accuracy": [
            83.41968911917098,
            83.93782383419689,
            84.4559585492228,
            86.01036269430051,
            84.97409326424871
        ],
        "mean": 84.55958549222798,
        "std": 0.8914326701598563,
        "average_time": 29.1531502999831
    },
    "TST": {
        "accuracy": [
            79.27461139896373,
            81.86528497409327,
            78.75647668393782,
            79.79274611398964,
            80.31088082901555
        ],
        "mean": 80.0,
        "std": 1.0669046778224909,
        "average_time": 157.04883670005947
    },
    "mWDN": {
        "accuracy": [
            77.720207253886,
            83.41968911917098,
            82.90155440414507,
            78.75647668393782,
            80.31088082901555
        ],
        "mean": 80.62176165803109,
        "std": 2.2369982533598876,
        "average_time": 33.028232159931214
    }
}